id,price,property_type,room_type,amenities,accommodates,bathrooms,bed_type,cancellation_policy,cleaning_fee,city,host_identity_verified,host_response_rate,host_since,neighbourhood,number_of_reviews,review_scores_rating,zipcode,bedrooms,beds
8284881,621.46,House,Entire home/apt,"{TV,""Cable TV"",Internet,""Wireless Internet"",""Air conditioning"",Pool,Kitchen,""Free parking on premises"",Gym,""Hot tub"",""Indoor fireplace"",Heating,""Family/kid friendly"",Washer,Dryer,""Smoke detector"",""Carbon monoxide detector"",""First aid kit"",""Safety card"",""Fire extinguisher"",Essentials,Shampoo,""24-hour check-in"",Hangers,""Hair dryer"",Iron,""Laptop friendly workspace""}",8,3,Real Bed,strict,TRUE,LA,f,100%,11/1/2016,Pacific Palisades,1,,90272,4,6
8284882,621.46,House,Entire home/apt,"{TV,""Cable TV"",Internet,""Wireless Internet"",""Air conditioning"",Pool,Kitchen,""Free parking on premises"",Gym,""Hot tub"",""Indoor fireplace"",Heating,""Family/kid friendly"",Washer,Dryer,""Smoke detector"",""Carbon monoxide detector"",""First aid kit"",""Safety card"",""Fire extinguisher"",Essentials,Shampoo,""24-hour check-in"",Hangers,""Hair dryer"",Iron,""Laptop friendly workspace""}",8,3,Real Bed,strict,TRUE,LA,f,100%,11/1/2016,Pacific Palisades,1,,90272,4,6
9479348,598.9,Apartment,Entire home/apt,"{""Wireless Internet"",""Air conditioning"",Kitchen,Heating,""Smoke detector"",""Carbon monoxide detector"",Essentials,Shampoo,Hangers,Iron,""translation missing: en.hosting_amenity_49"",""translation missing: en.hosting_amenity_50""}",7,2,Real Bed,strict,FALSE,NYC,f,100%,7/3/2017,Hell's Kitchen,1,60,10036,3,4
8596057,420.47,House,Private room,"{""Wireless Internet"",""Air conditioning"",Pool,Kitchen,""Free parking on premises"",Breakfast,""Family/kid friendly"",Washer,Dryer,Essentials,Shampoo,Hangers,""Hair dryer"",""Self Check-In"",""Doorman Entry""}",1,2,Real Bed,flexible,FALSE,LA,f,100%,4/20/2016,,0,,91748,1,1
11525500,478.75,Apartment,Entire home/apt,"{""Wireless Internet"",""Air conditioning"",Heating,Washer,Dryer,Essentials,""Laptop friendly workspace"",Microwave,Refrigerator,Dishwasher,""Dishes and silverware"",""Cooking basics"",Oven,Stove,""Host greets you""}",2,1,Real Bed,flexible,TRUE,NYC,f,100%,10/7/2017,Williamsburg,2,100,11206,1,1
533884,662.01,Apartment,Entire home/apt,"{TV,Internet,""Wireless Internet"",""Air conditioning"",Kitchen,""Pets allowed"",Heating,""Family/kid friendly"",Washer,Dryer,Shampoo,""24-hour check-in"",Hangers,""Hair dryer"",""Laptop friendly workspace""}",6,1,Real Bed,flexible,FALSE,SF,f,,1/20/2016,Cow Hollow,0,,94123,3,3
1404510,534.71,Townhouse,Entire home/apt,"{TV,""Wireless Internet"",Kitchen,""Free parking on premises"",""Indoor fireplace"",Heating,""Family/kid friendly"",Washer,Dryer,""Smoke detector"",""First aid kit"",""Fire extinguisher"",Essentials,Shampoo,Hangers,""Hair dryer"",Iron,""Laptop friendly workspace""}",6,2,Real Bed,moderate,TRUE,LA,t,100%,9/2/2015,West Los Angeles,10,95,90025,3,3
4691130,444.27,House,Private room,"{TV,""Wireless Internet"",""Air conditioning"",Pool,Kitchen,""Free parking on premises"",Breakfast,Heating,""Family/kid friendly"",Washer,Dryer,""Smoke detector"",""Carbon monoxide detector"",""First aid kit"",Essentials,Shampoo,""Lock on bedroom door"",Hangers,""Hair dryer"",Iron,""Laptop friendly workspace""}",2,1,Real Bed,flexible,TRUE,LA,t,0%,10/28/2013,,0,,91324,1,1
16449480,468.21,Apartment,Private room,"{TV,""Cable TV"",Internet,""Wireless Internet"",""Air conditioning"",Kitchen,""Smoking allowed"",""Pets allowed"",Doorman,Elevator,Heating,Washer,Dryer,""Smoke detector"",""Fire extinguisher"",Essentials,Shampoo}",2,1,Real Bed,moderate,TRUE,NYC,f,100%,3/26/2012,East Harlem,4,90,10029,1,1
12513361,555.68,Apartment,Entire home/apt,"{TV,""Wireless Internet"",""Air conditioning"",""Smoke detector"",""Carbon monoxide detector"",Essentials,""Lock on bedroom door"",Hangers,Iron}",2,1,Real Bed,flexible,FALSE,NYC,t,89%,11/18/2015,East Harlem,3,87,10029,0,1
15149374,444.27,Bungalow,Private room,"{""Wireless Internet"",Kitchen,""Pets allowed"",""Indoor fireplace"",Heating,Washer,Dryer,""Smoke detector"",""Carbon monoxide detector"",""First aid kit"",""Fire extinguisher"",Essentials,Shampoo,""Lock on bedroom door"",Hangers,""Hair dryer"",Iron,""Laptop friendly workspace""}",3,1,Real Bed,strict,TRUE,LA,t,97%,8/17/2012,Venice,3,100,90291,0,1
11972209,548.06,Apartment,Entire home/apt,"{TV,""Cable TV"",Internet,""Wireless Internet"",""Air conditioning"",Kitchen,Heating,""Family/kid friendly"",""Smoke detector"",""Carbon monoxide detector"",""First aid kit"",""Safety card"",""Fire extinguisher"",Essentials,Shampoo,""24-hour check-in"",Hangers,""Hair dryer"",Iron,""Laptop friendly workspace"",""Private entrance"",Bathtub,""Baby bath"",""High chair"",""Children??s books and toys"",""Pack ??n Play/travel crib"",""Children??s dinnerware""}",7,1,Real Bed,strict,TRUE,NYC,t,100%,1/29/2014,East Harlem,140,94,10029,3,3
6689195,433.07,Apartment,Entire home/apt,"{TV,Internet,""Wireless Internet"",""Air conditioning"",Pool,Kitchen,Gym,""Pets live on this property"",Cat(s),""Buzzer/wireless intercom"",""Family/kid friendly"",Washer,Dryer,""Smoke detector"",""First aid kit"",""Fire extinguisher"",Essentials,Shampoo,Hangers,""Hair dryer"",Iron,""Laptop friendly workspace""}",4,1,Real Bed,strict,FALSE,LA,t,,5/30/2013,Burbank,1,,91504,2,2
17009057,552.15,House,Entire home/apt,"{TV,""Cable TV"",Internet,""Wireless Internet"",Kitchen,""Free parking on premises"",Heating,""Family/kid friendly"",Washer,Dryer,""Smoke detector"",""Carbon monoxide detector"",""Fire extinguisher"",Essentials,Shampoo,Hangers,""Hair dryer"",Iron,""Laptop friendly workspace"",""translation missing: en.hosting_amenity_50"",""Self Check-In"",Lockbox}",4,2,Real Bed,moderate,TRUE,SF,t,80%,2/23/2014,Bernal Heights,25,98,94110,2,2
18333003,570.04,Apartment,Private room,"{TV,""Wireless Internet"",""Air conditioning"",Pool,Kitchen,Gym,""Elevator in building"",Heating,""Family/kid friendly"",Washer,Dryer,""Smoke detector"",Essentials,Shampoo,Hangers,""Laptop friendly workspace"",""Private living room""}",4,2,Real Bed,flexible,FALSE,Chicago,f,80%,6/30/2015,Loop,0,,60606,2,2
16274069,482.83,Apartment,Entire home/apt,"{TV,Internet,""Wireless Internet"",""Air conditioning"",Kitchen,""Free parking on premises"",""Buzzer/wireless intercom"",Heating,""Family/kid friendly"",""Smoke detector"",""Carbon monoxide detector"",""First aid kit"",Essentials}",4,1,Real Bed,moderate,TRUE,NYC,f,100%,2/11/2014,Bedford-Stuyvesant,13,92,11216,2,3
13121821,501.06,Apartment,Private room,"{TV,""Cable TV"",Internet,""Wireless Internet"",""Air conditioning"",Kitchen,Heating,""Smoke detector"",""First aid kit"",Essentials,Hangers,""Hair dryer"",Iron,""Laptop friendly workspace""}",1,1,Real Bed,flexible,FALSE,NYC,f,,9/20/2014,Park Slope,0,,11215,1,1
15705947,478.75,Apartment,Entire home/apt,"{""Wireless Internet"",""Air conditioning"",Kitchen,""Family/kid friendly"",""Suitable for events"",Washer,Dryer,""Smoke detector"",""Carbon monoxide detector"",""First aid kit"",""Safety card"",Essentials,Shampoo,""Hair dryer"",Iron,""Laptop friendly workspace""}",4,1,Real Bed,moderate,TRUE,NYC,f,80%,7/9/2015,Upper East Side,7,90,10065,1,2
11456592,529.83,Loft,Private room,"{""Wireless Internet"",""Air conditioning"",""Free parking on premises"",Breakfast,Heating,Essentials,""Lock on bedroom door"",""Laptop friendly workspace"",""translation missing: en.hosting_amenity_49"",""translation missing: en.hosting_amenity_50""}",2,1,Real Bed,moderate,FALSE,NYC,f,100%,2/23/2011,Williamsburg,0,,11211,0,2
11456593,529.83,Loft,Private room,"{""Wireless Internet"",""Air conditioning"",""Free parking on premises"",Breakfast,Heating,Essentials,""Lock on bedroom door"",""Laptop friendly workspace"",""translation missing: en.hosting_amenity_49"",""translation missing: en.hosting_amenity_50""}",2,1,Real Bed,moderate,FALSE,NYC,f,100%,2/23/2011,Williamsburg,0,,11211,0,2
11456594,529.83,Loft,Private room,"{""Wireless Internet"",""Air conditioning"",""Free parking on premises"",Breakfast,Heating,Essentials,""Lock on bedroom door"",""Laptop friendly workspace"",""translation missing: en.hosting_amenity_49"",""translation missing: en.hosting_amenity_50""}",2,1,Real Bed,moderate,FALSE,NYC,f,100%,2/23/2011,Williamsburg,0,,11211,0,2
1077375,400.73,Apartment,Private room,"{""Wireless Internet"",Heating,""Family/kid friendly"",""Smoke detector"",""Carbon monoxide detector"",""Fire extinguisher"",Essentials,Shampoo,Hangers,Iron,""Laptop friendly workspace"",""translation missing: en.hosting_amenity_50""}",1,1,Real Bed,moderate,TRUE,NYC,t,,4/4/2015,Sunset Park,1,100,11220,1,1
12497464,431.75,Apartment,Private room,"{""Wireless Internet"",Kitchen,""Buzzer/wireless intercom"",Heating,""Family/kid friendly"",Washer,Dryer,""Smoke detector"",""Carbon monoxide detector""}",2,1,Real Bed,moderate,TRUE,NYC,t,,1/14/2014,Crown Heights,2,80,11238,1,1
16073836,431.75,House,Private room,"{TV,Internet,""Wireless Internet"",""Free parking on premises"",""Family/kid friendly"",Washer,Dryer,Essentials}",2,1,Real Bed,flexible,FALSE,LA,f,,9/2/2016,Culver City,0,,90232,1,1
17681277,529.83,Apartment,Private room,"{TV,Internet,""Wireless Internet"",""Air conditioning"",Kitchen,""Free parking on premises"",""Indoor fireplace"",Heating,Washer,Dryer,""Smoke detector"",""Carbon monoxide detector"",""First aid kit"",""Fire extinguisher"",Essentials,Shampoo}",2,1,Real Bed,strict,TRUE,LA,t,100%,4/7/2011,Echo Park,0,,90026,1,1
4471474,313.55,House,Shared room,{},1,1,Real Bed,flexible,TRUE,LA,t,100%,12/20/2013,,0,,91405,1,1
15754561,482.83,Apartment,Entire home/apt,"{""Wireless Internet"",""Air conditioning"",Kitchen,""Family/kid friendly"",""Smoke detector"",""Carbon monoxide detector"",""First aid kit"",""Safety card"",""Fire extinguisher"",Essentials,Hangers,Iron,""Laptop friendly workspace""}",4,1,Real Bed,moderate,TRUE,NYC,f,100%,6/7/2017,Bedford-Stuyvesant,0,,11216,1,1
19875244,630.99,Condominium,Entire home/apt,"{TV,""Cable TV"",""Wireless Internet"",""Air conditioning"",Kitchen,Breakfast,""Indoor fireplace"",""Buzzer/wireless intercom"",Heating,""Family/kid friendly"",Washer,Dryer,""Smoke detector"",""Carbon monoxide detector"",""Safety card"",""Fire extinguisher"",Essentials,Shampoo,Hangers,""Hair dryer"",Iron,""Laptop friendly workspace""}",6,2,Real Bed,flexible,TRUE,Chicago,t,100%,9/27/2010,Lakeview,0,,60657,2,2
12954602,465.4,Loft,Entire home/apt,"{Internet,""Wireless Internet"",""Free parking on premises"",Heating,""Family/kid friendly"",""Smoke detector"",""Carbon monoxide detector"",""First aid kit"",""Fire extinguisher"",Essentials,Shampoo,""24-hour check-in"",Hangers,""Hair dryer"",Iron,""Laptop friendly workspace"",""Self Check-In"",Lockbox}",3,1,Real Bed,moderate,TRUE,LA,f,100%,11/14/2015,Westside,43,97,90064,0,2
19118005,552.15,Apartment,Entire home/apt,"{TV,""Cable TV"",Internet,""Wireless Internet"",""Air conditioning"",Kitchen,""Buzzer/wireless intercom"",Heating}",2,1,Real Bed,strict,FALSE,NYC,t,0%,11/12/2009,Alphabet City,11,93,10009,1,2
16662334,400.73,House,Private room,"{""Wireless Internet"",Kitchen,Washer,Dryer,""Smoke detector"",""Carbon monoxide detector"",""First aid kit"",""Fire extinguisher"",Essentials,Hangers,""Hair dryer"",Iron,""Laptop friendly workspace"",""translation missing: en.hosting_amenity_49"",""translation missing: en.hosting_amenity_50""}",2,1,Real Bed,flexible,TRUE,LA,t,100%,9/20/2014,Gardena,6,97,90249,1,1
20049857,474.49,Apartment,Entire home/apt,"{TV,""Wireless Internet"",""Air conditioning"",Kitchen,Heating,""Smoke detector"",Essentials,Hangers,""Hair dryer"",""Laptop friendly workspace"",""translation missing: en.hosting_amenity_49"",""translation missing: en.hosting_amenity_50""}",2,1,Real Bed,moderate,TRUE,LA,f,,10/7/2017,West Hollywood,0,,90046,1,1
18157879,570.38,House,Entire home/apt,"{TV,""Wireless Internet"",""Air conditioning"",Kitchen,Breakfast,Heating,""Family/kid friendly"",Washer,Dryer,""Smoke detector"",""Carbon monoxide detector"",""First aid kit"",""Safety card"",""Fire extinguisher"",Essentials,Shampoo,""Lock on bedroom door"",Hangers,""Hair dryer"",Iron,""Laptop friendly workspace""}",7,2,Real Bed,strict,TRUE,Chicago,t,,1/20/2016,Lincoln Park,9,98,60614,3,3
17666136,538.91,Apartment,Entire home/apt,"{Internet,""Wireless Internet"",""Air conditioning"",Kitchen,""Buzzer/wireless intercom"",Heating,""Smoke detector"",""Carbon monoxide detector"",""First aid kit"",Essentials,Shampoo}",4,1,Real Bed,moderate,TRUE,NYC,f,,11/17/2014,East Village,1,100,10003,2,3
2135314,519.3,Loft,Entire home/apt,"{TV,""Cable TV"",Internet,""Wireless Internet"",""Air conditioning"",Kitchen,Doorman,Elevator,""Hot tub"",""Buzzer/wireless intercom"",Heating,Washer,Dryer,""Smoke detector"",""Carbon monoxide detector"",Essentials,Shampoo}",2,1,Real Bed,strict,FALSE,NYC,f,,7/9/2015,East Village,3,87,10003,1,1
5321584,717.01,House,Entire home/apt,"{TV,""Cable TV"",Internet,""Wireless Internet"",Kitchen,""Free parking on premises"",""Indoor fireplace"",Heating,""Family/kid friendly"",Washer,Dryer,""Smoke detector"",""Carbon monoxide detector"",""Safety card"",""Fire extinguisher"",Essentials,Shampoo,""24-hour check-in"",Hangers,""Hair dryer"",Iron,""Laptop friendly workspace""}",8,2,Real Bed,strict,TRUE,SF,t,,9/20/2014,Hayes Valley,4,100,94102,4,5
3710477,674.52,House,Entire home/apt,"{TV,""Cable TV"",""Wireless Internet"",""Air conditioning"",Kitchen,Heating,""Family/kid friendly"",""Smoke detector"",""Carbon monoxide detector"",""First aid kit"",""Safety card"",""Fire extinguisher"",Essentials,Shampoo,""Lock on bedroom door"",Hangers,""Hair dryer"",Iron,""Laptop friendly workspace"",""Self Check-In"",Lockbox,""Private entrance"",""Hot water"",""Bed linens"",""Extra pillows and blankets"",Microwave,""Coffee maker"",Refrigerator,""Dishes and silverware"",""Cooking basics"",Oven,Stove}",14,2,Real Bed,moderate,TRUE,NYC,f,100%,10/7/2017,Astoria,0,,11103,6,8
13978228,578.38,House,Entire home/apt,"{""Wireless Internet"",""Air conditioning"",Kitchen,""Free parking on premises"",""Smoking allowed"",""Pets allowed"",""Hot tub"",""Indoor fireplace"",Heating,""Family/kid friendly"",Washer,Dryer,""Smoke detector"",""First aid kit"",Essentials,Hangers,""Hair dryer"",""Laptop friendly workspace""}",4,3,Real Bed,flexible,FALSE,LA,t,100%,8/5/2015,Mount Washington,0,,90065,2,2
16028615,487.52,Apartment,Entire home/apt,"{TV,Internet,""Wireless Internet"",""Air conditioning"",""Wheelchair accessible"",Pool,Kitchen,Gym,""Elevator in building"",""Hot tub"",""Indoor fireplace"",Heating,""Family/kid friendly"",Washer,Dryer,""Smoke detector"",""Carbon monoxide detector"",""First aid kit"",""Safety card"",""Fire extinguisher"",Essentials,Shampoo,""Lock on bedroom door"",""24-hour check-in"",Hangers,""Hair dryer"",Iron,""Laptop friendly workspace""}",4,2,Real Bed,moderate,TRUE,Chicago,t,100%,9/2/2016,Loop,1,100,60605,2,2
15027031,548.06,Apartment,Entire home/apt,"{TV,""Cable TV"",Internet,""Wireless Internet"",""Air conditioning"",Kitchen,""Pets live on this property"",Cat(s),""Buzzer/wireless intercom"",Heating,""Family/kid friendly"",Washer,Dryer,Essentials,Shampoo,""24-hour check-in"",Hangers,""Hair dryer"",Iron,""Laptop friendly workspace""}",3,1,Real Bed,strict,TRUE,NYC,t,100%,9/20/2014,Alphabet City,12,98,10009,1,2
10842610,519.3,Apartment,Entire home/apt,"{""Wireless Internet"",Kitchen,""Free parking on premises"",""Pets allowed"",Heating,""Family/kid friendly"",""Smoke detector"",""Carbon monoxide detector"",""24-hour check-in"",Hangers,""Hair dryer"",Iron,""Laptop friendly workspace""}",6,1,Real Bed,flexible,TRUE,NYC,t,100%,7/7/2012,The Rockaways,5,100,11692,3,3
19245819,424.85,Apartment,Private room,"{Internet,""Wireless Internet"",Kitchen,""Pets live on this property"",Dog(s),Washer,Dryer,""Smoke detector"",""Fire extinguisher""}",1,1,Real Bed,moderate,FALSE,SF,t,,3/16/2010,Mission District,12,90,94110,1,1
7196412,366.36,Cabin,Private room,"{""Wireless Internet"",Kitchen,Washer,Dryer,""Smoke detector"",""First aid kit"",""Fire extinguisher"",Essentials,""Hair dryer"",""translation missing: en.hosting_amenity_49"",""translation missing: en.hosting_amenity_50""}",2,3,Real Bed,moderate,FALSE,LA,f,100%,9/10/2016,Valley Glen,14,91,91606,1,1
16333776,482.83,House,Private room,"{TV,""Cable TV"",Internet,""Wireless Internet"",Kitchen,""Free parking on premises"",""Pets live on this property"",Dog(s),""Indoor fireplace"",""Buzzer/wireless intercom"",Heating,Washer,Dryer,""Smoke detector"",""Carbon monoxide detector"",""First aid kit"",""Safety card"",""Fire extinguisher"",Essentials,Shampoo,""24-hour check-in"",Hangers,""Hair dryer"",Iron,""Laptop friendly workspace"",""translation missing: en.hosting_amenity_49"",""translation missing: en.hosting_amenity_50"",""Self Check-In"",Lockbox}",2,1,Real Bed,strict,TRUE,SF,t,100%,12/26/2013,Richmond District,117,96,94118,1,1
16333777,482.83,House,Private room,"{TV,""Cable TV"",Internet,""Wireless Internet"",Kitchen,""Free parking on premises"",""Pets live on this property"",Dog(s),""Indoor fireplace"",""Buzzer/wireless intercom"",Heating,Washer,Dryer,""Smoke detector"",""Carbon monoxide detector"",""First aid kit"",""Safety card"",""Fire extinguisher"",Essentials,Shampoo,""24-hour check-in"",Hangers,""Hair dryer"",Iron,""Laptop friendly workspace"",""translation missing: en.hosting_amenity_49"",""translation missing: en.hosting_amenity_50"",""Self Check-In"",Lockbox}",2,1,Real Bed,strict,TRUE,SF,t,100%,12/26/2013,Richmond District,117,96,94118,1,1
16333778,482.83,House,Private room,"{TV,""Cable TV"",Internet,""Wireless Internet"",Kitchen,""Free parking on premises"",""Pets live on this property"",Dog(s),""Indoor fireplace"",""Buzzer/wireless intercom"",Heating,Washer,Dryer,""Smoke detector"",""Carbon monoxide detector"",""First aid kit"",""Safety card"",""Fire extinguisher"",Essentials,Shampoo,""24-hour check-in"",Hangers,""Hair dryer"",Iron,""Laptop friendly workspace"",""translation missing: en.hosting_amenity_49"",""translation missing: en.hosting_amenity_50"",""Self Check-In"",Lockbox}",2,1,Real Bed,strict,TRUE,SF,t,100%,12/26/2013,Richmond District,117,96,94118,1,1
16333779,482.83,House,Private room,"{TV,""Cable TV"",Internet,""Wireless Internet"",Kitchen,""Free parking on premises"",""Pets live on this property"",Dog(s),""Indoor fireplace"",""Buzzer/wireless intercom"",Heating,Washer,Dryer,""Smoke detector"",""Carbon monoxide detector"",""First aid kit"",""Safety card"",""Fire extinguisher"",Essentials,Shampoo,""24-hour check-in"",Hangers,""Hair dryer"",Iron,""Laptop friendly workspace"",""translation missing: en.hosting_amenity_49"",""translation missing: en.hosting_amenity_50"",""Self Check-In"",Lockbox}",2,1,Real Bed,strict,TRUE,SF,t,100%,12/26/2013,Richmond District,117,96,94118,1,1
16333772,482.83,House,Private room,"{TV,""Cable TV"",Internet,""Wireless Internet"",Kitchen,""Free parking on premises"",""Pets live on this property"",Dog(s),""Indoor fireplace"",""Buzzer/wireless intercom"",Heating,Washer,Dryer,""Smoke detector"",""Carbon monoxide detector"",""First aid kit"",""Safety card"",""Fire extinguisher"",Essentials,Shampoo,""24-hour check-in"",Hangers,""Hair dryer"",Iron,""Laptop friendly workspace"",""translation missing: en.hosting_amenity_49"",""translation missing: en.hosting_amenity_50"",""Self Check-In"",Lockbox}",2,1,Real Bed,strict,TRUE,SF,t,100%,12/26/2013,Richmond District,117,96,94118,1,1
12592005,524.7,Apartment,Entire home/apt,"{TV,""Wireless Internet"",""Air conditioning"",Kitchen,Heating,""Family/kid friendly"",Washer,Dryer,""Smoke detector"",""Safety card"",""Fire extinguisher"",Essentials,Shampoo,""Lock on bedroom door"",Hangers,""Hair dryer"",Iron}",4,1,Real Bed,moderate,TRUE,NYC,f,90%,7/6/2017,Harlem,10,100,10039,1,2
1174876,424.85,House,Private room,"{""Wireless Internet"",""Air conditioning"",""Pets live on this property"",Dog(s),Cat(s),Heating,""Smoke detector"",""Carbon monoxide detector"",""First aid kit"",Essentials,Shampoo,""24-hour check-in"",Hangers,""Hair dryer"",Iron,""Laptop friendly workspace"",""translation missing: en.hosting_amenity_49"",""translation missing: en.hosting_amenity_50""}",2,1,Real Bed,strict,FALSE,NYC,t,100%,6/10/2015,Harlem,69,93,10027,1,1
20888646,423.41,House,Private room,"{TV,""Wireless Internet"",""Air conditioning"",Kitchen,Heating,Washer,Dryer,""Smoke detector"",""Carbon monoxide detector"",""First aid kit"",""Fire extinguisher"",Essentials,Shampoo,""Lock on bedroom door"",Hangers,""Hair dryer"",Iron,""translation missing: en.hosting_amenity_49"",""translation missing: en.hosting_amenity_50"",""Private living room"",""Private entrance""}",2,1,Real Bed,flexible,TRUE,LA,f,98%,11/20/2016,Canoga Park,4,100,91303,0,1
1786412,448.86,Apartment,Private room,"{""Wireless Internet"",""Air conditioning"",Kitchen,Heating,""Suitable for events"",""Smoke detector"",""Carbon monoxide detector"",""First aid kit"",""Fire extinguisher"",Essentials,Shampoo,""Lock on bedroom door"",Hangers,""translation missing: en.hosting_amenity_49"",""translation missing: en.hosting_amenity_50""}",2,1,Real Bed,strict,TRUE,NYC,t,93%,5/11/2010,Williamsburg,8,86,11211,1,1
14575777,506.89,Villa,Private room,"{TV,Internet,""Wireless Internet"",""Air conditioning"",Kitchen,""Free parking on premises"",Essentials,Shampoo,""translation missing: en.hosting_amenity_49"",""translation missing: en.hosting_amenity_50""}",6,2,Real Bed,strict,TRUE,LA,t,70%,10/22/2015,,2,100,90703,3,3
20515889,720.79,Villa,Entire home/apt,"{TV,""Cable TV"",Internet,""Wireless Internet"",Kitchen,""Free parking on premises"",""Pets allowed"",""Elevator in building"",""Hot tub"",""Indoor fireplace"",Heating,""Family/kid friendly"",""Suitable for events"",Washer,Dryer,""Smoke detector"",""Carbon monoxide detector"",""First aid kit"",""Safety card"",""Fire extinguisher"",Essentials,Shampoo}",8,3,Real Bed,strict,TRUE,LA,f,20%,5/26/2014,Topanga,0,,90265,3,4
13783491,516.48,Villa,Private room,"{TV,""Cable TV"",Internet,""Wireless Internet"",""Air conditioning"",Pool,Kitchen,""Free parking on premises"",""Pets allowed"",""Hot tub"",""Indoor fireplace"",Heating,""Family/kid friendly"",Washer,Dryer,""Smoke detector"",""Carbon monoxide detector"",""Fire extinguisher"",Essentials,Shampoo,""Lock on bedroom door"",""24-hour check-in"",Hangers,""Hair dryer"",Iron,""Laptop friendly workspace""}",2,1,Real Bed,strict,TRUE,LA,t,90%,8/20/2015,Hollywood Hills,1,100,90046,1,1
10089727,594.02,Villa,Entire home/apt,"{""Air conditioning"",""Wheelchair accessible"",Pool,""Free parking on premises"",Gym,""Hot tub"",""Family/kid friendly"",Essentials,Shampoo}",6,1,Real Bed,strict,TRUE,LA,f,100%,6/6/2015,,15,89,90265,3,4
7939396,459.51,Villa,Entire home/apt,"{TV,""Cable TV"",Internet,""Wireless Internet"",Kitchen,""Pets allowed"",Heating,""Family/kid friendly"",Washer,Dryer,""Smoke detector"",""Carbon monoxide detector"",""Fire extinguisher"",""24-hour check-in"",Hangers,""Hair dryer""}",6,1,Real Bed,strict,TRUE,LA,t,91%,1/16/2014,Long Beach,120,89,90803,2,3
6591755,529.33,Villa,Entire home/apt,"{TV,""Cable TV"",Internet,""Wireless Internet"",Kitchen,""Pets allowed"",""Pets live on this property"",""Buzzer/wireless intercom"",Heating,""Family/kid friendly"",Washer,Dryer,""Smoke detector"",""Carbon monoxide detector"",""Fire extinguisher"",Essentials,Hangers,""Hair dryer"",Iron,""Laptop friendly workspace""}",16,3,Real Bed,strict,TRUE,LA,t,91%,1/16/2016,Long Beach,88,90,90803,4,6
5203241,679.68,Villa,Entire home/apt,"{TV,""Cable TV"",Internet,""Wireless Internet"",""Air conditioning"",Pool,Kitchen,Gym,""Hot tub"",""Indoor fireplace"",Heating,""Family/kid friendly"",Washer,Dryer,""Smoke detector"",""Carbon monoxide detector"",""Fire extinguisher"",Essentials,Shampoo,""24-hour check-in"",Hangers,""Hair dryer"",Iron,""Laptop friendly workspace""}",6,2,Real Bed,strict,TRUE,LA,t,100%,8/17/2017,Rancho Palos Verdes,1,100,90275,2,4
11508891,633.51,Villa,Entire home/apt,"{TV,Internet,""Wireless Internet"",Kitchen,""Free parking on premises"",Heating,""Family/kid friendly"",Washer,Dryer,Essentials,""24-hour check-in"",""Laptop friendly workspace"",""Self Check-In"",Keypad}",10,2,Real Bed,strict,TRUE,LA,t,94%,8/12/2015,Malibu,43,92,90265,2,2
18823930,485.98,Villa,Entire home/apt,"{TV,Internet,""Wireless Internet"",Kitchen,""Free parking on premises"",""Smoking allowed"",""Pets allowed"",Heating,""Family/kid friendly"",Washer,Dryer,Essentials,""24-hour check-in"",Hangers,Iron,""Laptop friendly workspace""}",6,1,Real Bed,moderate,TRUE,LA,t,90%,12/6/2013,Harbor Gateway,27,93,90501,2,2
15523281,598.9,Villa,Entire home/apt,"{TV,""Cable TV"",Internet,""Wireless Internet"",Pool,Kitchen,""Free parking on premises"",Gym,Breakfast,""Hot tub"",""Indoor fireplace"",Heating,""Family/kid friendly"",Washer,Dryer,""Smoke detector"",""Carbon monoxide detector"",Essentials,Shampoo,""Lock on bedroom door"",Hangers,""Private entrance""}",4,1,Real Bed,strict,TRUE,LA,f,100%,5/20/2014,,5,88,90704,1,2
19698509,741.76,Villa,Entire home/apt,"{TV,""Cable TV"",Internet,""Wireless Internet"",""Air conditioning"",Kitchen,""Free parking on premises"",Heating,""Family/kid friendly"",Washer,Dryer,""Smoke detector"",""Carbon monoxide detector"",""First aid kit"",""Safety card"",""Fire extinguisher"",Essentials,Shampoo,Hangers,""Hair dryer"",Iron}",8,4,Real Bed,super_strict_60,TRUE,LA,t,100%,1/5/2015,,0,,90277,4,4
7834158,599.15,Villa,Entire home/apt,"{TV,""Cable TV"",Internet,""Wireless Internet"",Kitchen,""Free parking on premises"",""Indoor fireplace"",""Buzzer/wireless intercom"",Heating,""Family/kid friendly"",""Suitable for events"",Washer,Dryer,""Smoke detector"",Essentials,Shampoo,""24-hour check-in"",Hangers,""Hair dryer"",Iron,""Laptop friendly workspace""}",10,4,Real Bed,strict,TRUE,LA,t,100%,8/21/2014,Redondo Beach,39,94,90278,4,5
17764793,469.13,Villa,Private room,"{TV,""Cable TV"",Internet,""Wireless Internet"",""Air conditioning"",Pool,""Pets live on this property"",Dog(s),""Free parking on street"",""Hot tub"",Heating,""Family/kid friendly"",""Smoke detector"",""Carbon monoxide detector"",Essentials,Shampoo,""Lock on bedroom door"",Hangers,""Hair dryer"",Iron,""Laptop friendly workspace"",""translation missing: en.hosting_amenity_50""}",2,1,Real Bed,moderate,TRUE,LA,t,100%,11/2/2012,Topanga,6,100,91364,1,1
11136854,485.2,Villa,Entire home/apt,"{TV,Internet,""Wireless Internet"",""Air conditioning"",Kitchen,""Free parking on premises"",""Pets allowed"",Heating,""Family/kid friendly"",Washer,Dryer,""Smoke detector"",""Carbon monoxide detector"",""First aid kit"",""Fire extinguisher"",Essentials,Shampoo,Hangers,""Hair dryer"",Iron,""Laptop friendly workspace"",""Self Check-In"",""Doorman Entry""}",6,1,Real Bed,strict,TRUE,LA,t,100%,8/12/2014,Temple City,28,96,91780,2,4
13276443,470.05,House,Private room,"{""Cable TV"",Internet,""Wireless Internet"",""Air conditioning"",Kitchen,""Indoor fireplace"",Washer,""Smoke detector"",""Carbon monoxide detector"",""First aid kit"",Shampoo}",2,1,Real Bed,flexible,FALSE,SF,t,,5/15/2013,Russian Hill,2,100,94109,1,1
13207484,368.89,House,Shared room,"{TV,""Cable TV"",Internet,""Wireless Internet"",""Air conditioning"",Kitchen,""Smoking allowed"",""Pets allowed"",""Pets live on this property"",Dog(s),""Buzzer/wireless intercom"",Heating,""Family/kid friendly"",""Suitable for events"",Washer,""Smoke detector"",""Carbon monoxide detector"",""First aid kit"",""Fire extinguisher"",Essentials,Shampoo,""24-hour check-in"",Hangers,""Hair dryer"",Iron,""Laptop friendly workspace""}",4,1,Couch,strict,TRUE,LA,t,25%,12/5/2016,Hollywood,0,,90028,1,1
7837072,336.73,House,Private room,"{Internet,""Wireless Internet"",""Air conditioning"",Kitchen,""Free parking on premises"",""Indoor fireplace"",Heating,Washer,Dryer,""Smoke detector"",""Carbon monoxide detector"",""Fire extinguisher"",Essentials,Shampoo,Hangers,""Hair dryer"",Iron,""Laptop friendly workspace"",""translation missing: en.hosting_amenity_49"",""translation missing: en.hosting_amenity_50""}",2,1,Real Bed,moderate,FALSE,LA,f,98%,7/2/2017,,0,,91770,1,1
7823396,417.44,House,Private room,"{TV,""Cable TV"",""Wireless Internet"",""Air conditioning"",Heating,""Family/kid friendly"",""Smoke detector"",""Carbon monoxide detector"",Essentials,Hangers,""Hair dryer"",Iron,""Laptop friendly workspace"",""Private entrance"",""Hot water"",""Bed linens"",""Extra pillows and blankets"",""Ethernet connection"",Microwave,""Coffee maker"",Refrigerator,""Dishes and silverware"",""Long term stays allowed"",""Wide doorway"",""Flat, smooth pathway to front door"",""Well-lit path to entrance"",""Step-free access"",""Wide clearance to bed"",""Step-free access"",""Wide entryway""}",2,1,Real Bed,moderate,TRUE,NYC,f,100%,5/27/2015,Richmond Hill,74,96,11419,1,1
8889145,539.36,House,Entire home/apt,"{TV,""Wireless Internet"",""Air conditioning"",Kitchen,""Free parking on premises"",""Indoor fireplace"",Heating,""Family/kid friendly"",Washer,Dryer,""Smoke detector"",Essentials}",4,2,Real Bed,moderate,TRUE,LA,t,,1/6/2012,Studio City,0,,91604,2,2
7966742,423.41,House,Private room,"{Internet,""Wireless Internet"",""Air conditioning"",Kitchen,""Free parking on premises"",""Indoor fireplace"",Heating,Washer,Dryer,""Smoke detector"",""First aid kit"",""Fire extinguisher"",Essentials,Shampoo,""Lock on bedroom door"",Hangers,""Hair dryer"",Iron,""Laptop friendly workspace"",""translation missing: en.hosting_amenity_49"",""translation missing: en.hosting_amenity_50""}",2,1,Real Bed,strict,TRUE,NYC,t,100%,6/27/2012,Bedford-Stuyvesant,18,89,11221,1,1
14115855,448.86,Apartment,Private room,"{TV,""Wireless Internet"",Kitchen,Washer,Dryer,""Smoke detector"",Essentials,Hangers,""Hair dryer"",Iron,""Laptop friendly workspace"",""Hot water"",""Bed linens"",""Extra pillows and blankets""}",2,1,Real Bed,moderate,FALSE,NYC,f,100%,8/10/2013,Harlem,8,100,10031,1,1
257568,389.18,House,Private room,"{TV,Internet,""Wireless Internet"",""Air conditioning"",Kitchen,""Buzzer/wireless intercom"",Heating,""Smoke detector"",""Carbon monoxide detector"",""First aid kit"",""Fire extinguisher"",Essentials,Shampoo,""Lock on bedroom door"",""24-hour check-in"",Hangers,""Hair dryer"",Iron,""Laptop friendly workspace"",""translation missing: en.hosting_amenity_49"",""translation missing: en.hosting_amenity_50"",""Self Check-In"",Keypad}",3,1,Real Bed,strict,TRUE,NYC,t,100%,4/20/2013,Astoria,246,90,11106,1,1
13667633,541.61,House,Entire home/apt,"{TV,""Cable TV"",Internet,""Wireless Internet"",Kitchen,""Free parking on premises"",""Pets live on this property"",Dog(s),Heating,""Family/kid friendly"",""Suitable for events"",Washer,Dryer,""Smoke detector"",""Carbon monoxide detector"",""First aid kit"",""Safety card"",""Fire extinguisher"",Essentials,Shampoo}",5,2,Real Bed,flexible,TRUE,LA,t,100%,5/8/2015,Westchester/Playa Del Rey,8,94,90045,2,2
590903,662.01,House,Entire home/apt,"{TV,""Cable TV"",Internet,""Wireless Internet"",""Air conditioning"",Pool,Kitchen,""Free parking on premises"",""Indoor fireplace"",Heating,""Family/kid friendly"",Washer,Dryer,""Smoke detector"",""Carbon monoxide detector"",Essentials,Shampoo,Hangers,""Hair dryer"",Iron,""Laptop friendly workspace"",""Self Check-In"",Lockbox,""Private entrance""}",6,2,Real Bed,moderate,TRUE,LA,t,100%,3/1/2015,Mid-Wilshire,2,100,90048,3,3
19161964,391.2,House,Private room,"{Internet,""Wireless Internet"",""Air conditioning"",""Free parking on premises"",""Hot tub"",""Family/kid friendly"",Washer,Dryer,""Smoke detector"",""Carbon monoxide detector"",""First aid kit"",Shampoo,""Hair dryer"",Iron}",1,1,Real Bed,flexible,TRUE,LA,f,,7/14/2016,,0,,90650,1,1
17840858,529.83,House,Private room,"{""Cable TV"",Internet,""Wireless Internet"",""Air conditioning"",Pool,""Hot tub"",Heating,""Smoke detector"",Essentials}",2,1,Real Bed,moderate,TRUE,LA,f,,3/10/2015,Mid-Wilshire,0,,90048,1,1
19475815,470.05,House,Private room,"{TV,Internet,""Wireless Internet"",""Air conditioning"",Kitchen,""Pets allowed"",Breakfast,Heating,Essentials,Shampoo,""Lock on bedroom door"",Hangers,""Hair dryer"",Iron,""Laptop friendly workspace"",""translation missing: en.hosting_amenity_49"",""translation missing: en.hosting_amenity_50"",""Private living room""}",2,1,Real Bed,moderate,TRUE,NYC,t,60%,11/14/2015,Astoria,4,93,11106,1,1
1407841,412.71,House,Private room,"{TV,""Wireless Internet"",""Air conditioning"",Kitchen,""Free parking on premises"",Breakfast,""Indoor fireplace"",Heating,Washer,Dryer,""Smoke detector"",""Carbon monoxide detector"",""First aid kit"",""Safety card"",""Fire extinguisher"",Essentials,Shampoo,""Lock on bedroom door"",Hangers,""Hair dryer"",Iron,""Laptop friendly workspace"",""translation missing: en.hosting_amenity_49"",""translation missing: en.hosting_amenity_50""}",2,1,Real Bed,moderate,TRUE,LA,t,100%,5/27/2016,Mar Vista,18,99,90066,1,1
3585452,380.67,House,Private room,"{TV,Internet,""Wireless Internet"",""Air conditioning"",Kitchen,""Free parking on premises"",Heating,Washer,Dryer,""Smoke detector"",""Carbon monoxide detector"",""Fire extinguisher"",Essentials}",1,1,Real Bed,flexible,FALSE,LA,t,,3/6/2015,Reseda,3,100,91335,1,1
1535628,407.75,House,Private room,"{""Wireless Internet"",Kitchen,""Pets live on this property"",Dog(s),Heating,Washer,Dryer,""Smoke detector"",""Carbon monoxide detector"",Essentials,Hangers,""translation missing: en.hosting_amenity_49"",""translation missing: en.hosting_amenity_50""}",2,2,Real Bed,moderate,TRUE,NYC,f,100%,3/10/2016,Hunts Point,4,100,10474,1,1
6888244,501.06,House,Private room,"{TV,""Wireless Internet"",""Air conditioning"",Pool,Kitchen,""Pets allowed"",Heating,""Family/kid friendly"",Washer,Dryer,""Smoke detector"",""Fire extinguisher"",Essentials,Shampoo,""Lock on bedroom door"",Hangers,""Hair dryer"",Iron,""Laptop friendly workspace"",""Self Check-In"",Lockbox,""Bed linens"",""Extra pillows and blankets""}",2,2,Real Bed,strict,TRUE,NYC,t,100%,3/25/2011,Carroll Gardens,8,83,11231,1,1
15073872,474.49,House,Private room,"{TV,""Cable TV"",Internet,""Wireless Internet"",""Air conditioning"",Kitchen,""Free parking on premises"",""Smoking allowed"",""Pets allowed"",Gym,""Pets live on this property"",Dog(s),Cat(s),Heating,""Family/kid friendly"",""Smoke detector"",""Carbon monoxide detector"",""First aid kit"",""Safety card"",""Fire extinguisher"",Essentials,Shampoo,""Lock on bedroom door"",""24-hour check-in"",Hangers,""Hair dryer"",Iron,""Laptop friendly workspace""}",4,1,Real Bed,flexible,FALSE,LA,t,100%,3/6/2013,Studio City,6,100,91604,1,1
10174146,695.65,House,Entire home/apt,"{TV,Internet,""Wireless Internet"",""Air conditioning"",Pool,Kitchen,""Free parking on premises"",""Hot tub"",""Indoor fireplace"",Heating,""Family/kid friendly"",""Suitable for events"",Washer,Dryer,""Smoke detector"",""Carbon monoxide detector"",""First aid kit"",""Fire extinguisher"",Shampoo}",9,4,Real Bed,moderate,TRUE,LA,t,83%,8/9/2015,,1,100,90048,5,5
12600300,424.85,House,Private room,"{""Wireless Internet"",""Air conditioning"",Kitchen,Heating,""Family/kid friendly"",Washer,Dryer,""Smoke detector"",""Carbon monoxide detector"",Essentials,Shampoo,Hangers,""Hair dryer"",""Laptop friendly workspace"",""translation missing: en.hosting_amenity_50"",""Self Check-In"",Keypad}",4,2,Real Bed,strict,TRUE,NYC,f,99%,5/6/2017,Flushing,12,93,11355,1,2
62427,667.83,Villa,Entire home/apt,"{TV,""Cable TV"",Internet,""Wireless Internet"",""Air conditioning"",Pool,Kitchen,""Free parking on premises"",Gym,""Indoor fireplace"",Heating,""Family/kid friendly"",""Suitable for events"",Washer,Dryer,""Smoke detector"",""Carbon monoxide detector"",""First aid kit"",""Fire extinguisher"",Essentials,Shampoo,""24-hour check-in"",Hangers,""Hair dryer"",Iron,""Laptop friendly workspace"",""Self Check-In"",""Doorman Entry""}",12,4,Real Bed,strict,TRUE,LA,t,100%,9/28/2011,Topanga,32,99,90290,4,4
